household_id,gender_id
1,Male
1,Female
1,Male
1,Female
1,Female
1,Male
1,Male
1,Female
2,Female
2,Male
2,Female
2,Male
2,Female
2,Female
2,Male
2,Male
2,Male
2,Female
3,Female
3,Male
3,Male
3,Female
3,Male
3,Male
3,Female
3,Female
4,Male
4,Female
4,Female
4,Male
4,Female
4,Female
4,Male
4,Male
4,Female
4,Male
4,Male
4,Female
4,Male
4,Female
4,Female
4,Female
4,Male
4,Female
4,Female
4,Male
4,Male
4,Male
5,Female
5,Male
5,Female
5,Male
5,Female
5,Male
5,Male
5,Male
5,Female
5,Male
5,Male
5,Female
5,Female
5,Female
5,Female
5,Male
5,Female
5,Male
6,Male
6,Female
6,Female
6,Male
6,Female
6,Female
6,Male
6,Male
6,Female
6,Male
6,Male
6,Female
7,Female
7,Male
7,Male
7,Female
7,Female
7,Male
7,Male
7,Female
7,Female
7,Male
8,Female
8,Female
8,Female
8,Female
9,Male
9,Female
9,Male
9,Female
9,Female
9,Female
9,Female
9,Female
9,Male
9,Male
9,Male
9,Male
10,Male
10,Female
10,Male
10,Female
10,Male
10,Male
10,Male
10,Male
10,Female
10,Male
10,Female
10,Female
10,Female
10,Female
10,Male
10,Female
11,Female
11,Male
11,Female
11,Male
11,Male
11,Female
12,Female
12,Male
12,Female
12,Male
12,Male
12,Male
12,Female
12,Male
12,Female
12,Male
12,Male
12,Female
12,Female
12,Female
13,Female
13,Male
13,Female
13,Male
13,Female
13,Male
13,Male
13,Male
13,Female
13,Female
13,Male
13,Male
13,Female
13,Female
14,Male
14,Female
14,Male
14,Female
14,Male
14,Female
14,Female
14,Male
14,Female
14,Male
15,Female
15,Male
15,Male
15,Female
16,Female
16,Male
16,Male
16,Female
16,Male
16,Female
16,Female
16,Male
17,Female
17,Male
17,Female
17,Male
17,Male
17,Female
17,Female
17,Male
17,Female
17,Female
17,Male
17,Male
17,Male
17,Female
17,Male
17,Female
17,Female
17,Male
18,Male
18,Female
18,Female
18,Male
19,Female
19,Male
19,Male
19,Female
19,Male
19,Female
20,Female
20,Female
20,Female
20,Female
21,Female
21,Male
21,Male
21,Female
21,Male
21,Male
21,Female
21,Female
22,Female
22,Male
22,Male
22,Female
22,Male
22,Female
22,Female
22,Male
23,Male
23,Female
23,Male
23,Female
23,Female
23,Female
23,Male
23,Male
23,Male
23,Male
23,Female
23,Female
23,Male
23,Female
24,Female
24,Male
24,Female
24,Male
24,Female
24,Male
24,Male
24,Female
25,Female
25,Male
25,Female
25,Male
25,Female
25,Female
25,Male
25,Male
26,Female
26,Female
26,Female
26,Female
26,Female
27,Female
27,Female
27,Female
27,Female
27,Female
27,Female
27,Female
28,Female
28,Male
28,Male
28,Female
29,Male
29,Female
29,Female
29,Male
29,Female
29,Male
30,Male
30,Female
30,Male
30,Female
30,Male
30,Female
30,Female
30,Male
30,Male
30,Male
30,Female
30,Female
30,Female
30,Male
31,Female
31,Male
31,Male
31,Female
31,Male
31,Female
31,Male
31,Female
31,Male
31,Female
32,Male
32,Female
32,Male
32,Female
32,Female
32,Male
32,Male
32,Female
32,Male
32,Female
33,Female
33,Male
33,Male
33,Female
33,Female
33,Female
33,Male
33,Female
33,Male
33,Female
33,Male
33,Male
34,Male
34,Female
34,Female
34,Male
34,Female
34,Male
35,Female
35,Male
35,Male
35,Male
35,Male
35,Female
35,Female
35,Female
35,Female
35,Male
36,Male
36,Female
36,Female
36,Male
36,Male
36,Male
36,Female
36,Female
36,Female
36,Male
37,Male
37,Female
37,Female
37,Male
37,Male
37,Female
37,Male
37,Male
37,Female
37,Female
37,Male
37,Female
38,Male
38,Female
38,Female
38,Male
38,Female
38,Female
38,Male
38,Male
39,Female
39,Male
39,Female
39,Male
39,Female
39,Male
39,Male
39,Female
39,Female
39,Male
40,Male
40,Female
40,Male
40,Female
40,Female
40,Male
40,Male
40,Female
40,Female
40,Male
40,Female
40,Male
41,Female
41,Male
41,Female
41,Male
41,Female
41,Male
41,Female
41,Male
42,Male
42,Female
42,Male
42,Female
43,Male
43,Female
43,Female
43,Male
43,Female
43,Male
43,Female
43,Male
43,Male
43,Female
43,Female
43,Male
43,Male
43,Female
43,Female
43,Male
44,Female
44,Female
44,Female
44,Female
44,Female
45,Female
45,Male
45,Male
45,Female
45,Female
45,Male
45,Female
45,Male
45,Female
45,Male
46,Female
46,Male
46,Male
46,Female
46,Female
46,Male
46,Male
46,Female
46,Female
46,Male
46,Female
46,Female
46,Male
46,Female
46,Male
46,Male
46,Male
46,Female
47,Male
47,Female
47,Female
47,Male
47,Female
47,Male
47,Male
47,Female
47,Male
47,Female
47,Female
47,Male
47,Male
47,Female
48,Male
48,Female
48,Male
48,Female
48,Male
48,Female
49,Male
49,Female
49,Male
49,Female
49,Male
49,Female
50,Female
50,Male
50,Male
50,Female
50,Male
50,Female
50,Female
50,Female
50,Male
50,Male
50,Female
50,Male
51,Female
51,Male
51,Female
51,Male
51,Female
51,Male
52,Female
52,Male
52,Male
52,Female
52,Female
52,Male
52,Female
52,Male
52,Female
52,Male
52,Female
52,Male
52,Female
52,Male
53,Female
53,Female
53,Female
53,Female
53,Female
54,Female
54,Male
54,Male
54,Female
54,Female
54,Female
54,Male
54,Male
54,Female
54,Male
55,Male
55,Female
55,Male
55,Female
55,Female
55,Male
55,Male
55,Female
56,Female
56,Male
56,Male
56,Female
56,Female
56,Male
56,Female
56,Male
57,Female
57,Male
57,Male
57,Female
57,Female
57,Male
57,Male
57,Male
57,Female
57,Female
57,Male
57,Female
58,Female
58,Male
58,Male
58,Female
58,Male
58,Male
58,Male
58,Female
58,Female
58,Female
58,Male
58,Female
59,Female
59,Male
59,Male
59,Female
59,Female
59,Female
59,Male
59,Male
59,Female
59,Female
59,Male
59,Male
59,Female
59,Male
59,Female
59,Male
59,Male
59,Female
59,Female
59,Male
60,Female
60,Male
60,Male
60,Female
60,Female
60,Male
61,Male
61,Female
61,Female
61,Female
61,Male
61,Male
61,Female
61,Female
61,Male
61,Male
61,Female
61,Female
61,Male
61,Male
61,Male
61,Female
61,Female
61,Male
62,Female
62,Male
62,Male
62,Female
62,Male
62,Female
62,Male
62,Female
63,Male
63,Female
63,Female
63,Male
63,Male
63,Female
63,Male
63,Female
63,Male
63,Female
63,Female
63,Male
63,Female
63,Female
63,Male
63,Female
63,Female
63,Male
63,Male
63,Male
63,Male
63,Female
63,Male
63,Male
63,Female
63,Female
63,Male
63,Female
64,Male
64,Female
64,Female
64,Male
64,Male
64,Female
64,Female
64,Male
65,Female
65,Male
65,Male
65,Female
65,Male
65,Male
65,Female
65,Female
65,Female
65,Male
66,Male
66,Female
66,Female
66,Male
66,Male
66,Male
66,Female
66,Female
66,Male
66,Male
66,Female
66,Male
66,Female
66,Female
67,Female
67,Female
67,Female
67,Female
68,Male
68,Female
68,Male
68,Female
68,Female
68,Male
68,Male
68,Female
69,Male
69,Female
69,Male
69,Female
69,Male
69,Male
69,Female
69,Female
70,Female
70,Male
70,Male
70,Female
70,Female
70,Female
70,Male
70,Female
70,Male
70,Male
71,Female
72,Female
72,Female
72,Female
72,Female
72,Female
72,Female
73,Female
73,Male
73,Female
73,Male
73,Male
73,Female
73,Female
73,Male
73,Female
73,Male
73,Male
73,Female
74,Female
74,Male
74,Male
74,Female
74,Male
74,Male
74,Female
74,Female
74,Male
74,Female
75,Female
75,Male
75,Male
75,Female
75,Female
75,Male
75,Female
75,Male
75,Female
75,Female
75,Male
75,Male
75,Female
75,Male
76,Female
76,Male
76,Male
76,Female
76,Female
76,Male
76,Female
76,Male
76,Female
76,Male
77,Female
77,Male
77,Male
77,Female
77,Female
77,Female
77,Male
77,Female
77,Male
77,Male
77,Female
77,Male
77,Female
77,Male
78,Male
78,Female
78,Male
78,Female
78,Male
78,Male
78,Female
78,Male
78,Male
78,Female
78,Female
78,Female
78,Male
78,Female
79,Female
79,Male
79,Male
79,Female
79,Female
79,Male
79,Male
79,Female
79,Male
79,Female
79,Female
79,Male
79,Male
79,Female
80,Male
80,Male
80,Male
81,Female
81,Male
81,Male
81,Female
81,Male
81,Male
81,Male
81,Female
81,Female
81,Female
82,Female
82,Male
82,Female
82,Male
82,Male
82,Male
82,Female
82,Male
82,Female
82,Female
82,Female
82,Male
82,Female
82,Male
82,Female
82,Male
82,Female
82,Male
83,Male
83,Female
83,Female
83,Male
83,Male
83,Female
84,Male
85,Male
85,Female
85,Female
85,Male
85,Female
85,Female
85,Female
85,Male
85,Female
85,Male
85,Male
85,Male
85,Male
85,Female
86,Male
86,Female
86,Female
86,Male
86,Female
86,Female
86,Male
86,Male
86,Female
86,Male
87,Male
87,Female
87,Female
87,Male
87,Female
87,Female
87,Male
87,Male
87,Male
87,Male
87,Female
87,Female
88,Female
88,Male
88,Female
88,Male
88,Female
88,Male
88,Male
88,Female
88,Male
88,Female
89,Female
89,Female
89,Female
89,Female
90,Male
90,Female
90,Male
90,Female
90,Female
90,Female
90,Male
90,Male
91,Female
91,Male
91,Male
91,Female
91,Female
91,Male
91,Male
91,Female
91,Female
91,Female
91,Male
91,Male
91,Female
91,Male
91,Male
91,Female
92,Female
92,Male
92,Male
92,Female
92,Male
92,Female
93,Female
93,Female
93,Female
93,Female
94,Male
94,Male
94,Male
95,Male
95,Female
95,Female
95,Male
95,Female
95,Male
95,Male
95,Female
95,Male
95,Female
96,Male
96,Female
96,Male
96,Female
96,Male
96,Female
96,Female
96,Male
96,Female
96,Male
97,Female
97,Male
97,Female
97,Male
98,Female
98,Male
98,Male
98,Female
98,Female
98,Female
98,Female
98,Male
98,Male
98,Male
98,Male
98,Female
98,Male
98,Female
98,Female
98,Male
99,Female
99,Male
99,Male
99,Female
99,Female
99,Female
99,Male
99,Male
99,Female
99,Male
99,Male
99,Female
100,Male
100,Female
100,Female
100,Male
100,Male
100,Female
100,Female
100,Female
100,Male
100,Male
101,Male
101,Female
101,Female
101,Male
101,Female
101,Male
101,Female
101,Male
101,Male
101,Female
102,Male
102,Female
102,Female
102,Male
102,Female
102,Male
102,Female
102,Male
102,Male
102,Female
103,Female
103,Female
103,Female
104,Female
104,Female
104,Female
104,Female
104,Female
105,Male
105,Female
105,Male
105,Female
105,Male
105,Male
105,Female
105,Female
105,Female
105,Male
105,Male
105,Female
106,Male
106,Female
106,Male
106,Female
106,Female
106,Male
106,Male
106,Male
106,Female
106,Male
106,Female
106,Female
107,Female
107,Male
107,Male
107,Female
107,Female
107,Female
107,Male
107,Male
107,Male
107,Female
107,Male
107,Female
107,Male
107,Male
107,Female
107,Male
107,Female
107,Female
107,Male
107,Female
107,Female
107,Male
108,Male
108,Female
108,Male
108,Female
108,Male
108,Male
108,Female
108,Female
108,Male
108,Female
108,Female
108,Male
108,Female
108,Male
109,Male
109,Female
109,Female
109,Male
109,Female
109,Female
109,Female
109,Male
109,Male
109,Male
109,Male
109,Female
110,Male
110,Female
110,Male
110,Female
110,Male
110,Male
110,Male
110,Female
110,Female
110,Female
111,Female
111,Male
111,Male
111,Female
111,Male
111,Male
111,Female
111,Female
111,Male
111,Female
112,Female
112,Male
112,Female
112,Male
112,Female
112,Male
112,Male
112,Female
112,Female
112,Male
113,Male
113,Female
113,Male
113,Female
113,Female
113,Female
113,Male
113,Male
114,Male
114,Female
114,Male
114,Female
114,Male
114,Female
115,Female
115,Female
115,Female
116,Female
116,Female
116,Female
116,Female
117,Male
117,Female
117,Female
117,Male
117,Male
117,Female
117,Female
117,Male
117,Male
117,Female
117,Female
117,Male
117,Male
117,Male
117,Male
117,Female
117,Female
117,Male
117,Female
117,Female
117,Female
117,Male
117,Male
117,Male
117,Female
117,Female
117,Male
117,Female
117,Male
117,Female
118,Female
118,Male
118,Male
118,Female
118,Male
118,Male
118,Male
118,Female
118,Female
118,Female
118,Female
118,Male
118,Female
118,Male
118,Male
118,Female
119,Female
119,Female
119,Female
120,Female
120,Male
120,Female
120,Male
120,Male
120,Female
120,Male
120,Female
120,Male
120,Female
121,Male
121,Female
121,Female
121,Male
121,Male
121,Female
121,Male
121,Female
121,Female
121,Male
121,Male
121,Female
122,Female
122,Female
122,Female
122,Female
122,Female
123,Female
123,Female
123,Female
123,Female
123,Female
123,Female
123,Female
123,Female
123,Female
123,Female
124,Male
124,Female
124,Female
124,Male
124,Male
124,Female
124,Male
124,Female
124,Male
124,Female
125,Male
125,Female
125,Female
125,Male
125,Male
125,Female
126,Female
126,Male
126,Male
126,Female
126,Male
126,Female
127,Female
127,Female
127,Female
127,Female
127,Female
128,Male
128,Female
128,Female
128,Male
128,Male
128,Female
128,Female
128,Female
128,Male
128,Male
128,Female
128,Male
129,Female
129,Male
129,Male
129,Female
129,Female
129,Male
129,Female
129,Male
129,Female
129,Male
130,Female
130,Male
130,Male
130,Female
130,Female
130,Female
130,Male
130,Female
130,Male
130,Male
130,Male
130,Female
130,Female
130,Male
130,Male
130,Female
131,Female
131,Male
131,Male
131,Female
132,Female
132,Male
132,Female
132,Male
132,Male
132,Male
132,Female
132,Male
132,Female
132,Female
133,Female
133,Male
133,Male
133,Female
133,Male
133,Female
133,Male
133,Female
133,Male
133,Female
133,Male
133,Female
134,Female
134,Male
134,Female
134,Male
134,Male
134,Female
134,Male
134,Female
134,Male
134,Female
134,Male
134,Female
135,Male
135,Female
135,Male
135,Female
135,Female
135,Female
135,Male
135,Male
136,Male
136,Female
136,Female
136,Male
136,Female
136,Male
137,Male
137,Female
137,Male
137,Female
138,Female
138,Male
138,Male
138,Female
138,Female
138,Male
138,Male
138,Male
138,Male
138,Female
138,Female
138,Female
138,Female
138,Male
139,Female
139,Male
139,Female
139,Male
139,Female
139,Male
139,Male
139,Male
139,Female
139,Female
140,Male
140,Female
140,Male
140,Female
140,Female
140,Male
140,Male
140,Male
140,Female
140,Female
140,Female
140,Male
140,Male
140,Female
141,Female
141,Female
141,Female
142,Male
143,Female
143,Female
143,Female
143,Female
143,Female
143,Female
144,Male
145,Female
145,Male
145,Female
145,Male
146,Female
146,Female
146,Female
147,Female
147,Female
147,Female
148,Female
148,Female
148,Female
148,Female
149,Female
149,Male
149,Female
149,Male
150,Female
150,Female
150,Female
151,Male
151,Female
151,Female
151,Male
151,Female
151,Male
151,Female
151,Male
151,Female
151,Male
152,Female
152,Male
152,Female
152,Male
152,Female
152,Female
152,Male
152,Female
152,Male
152,Male
152,Female
152,Male
152,Female
152,Male
153,Female
153,Male
153,Male
153,Female
153,Female
153,Male
153,Male
153,Female
154,Female
154,Male
154,Female
154,Male
154,Female
154,Male
154,Female
154,Female
154,Male
154,Male
154,Female
154,Male
155,Male
155,Female
155,Male
155,Female
155,Male
155,Male
155,Female
155,Female
155,Male
155,Female
155,Female
155,Male
156,Female
156,Male
156,Male
156,Female
156,Female
156,Male
157,Male
157,Female
157,Male
157,Female
157,Male
157,Female
157,Male
157,Female
157,Male
157,Female
158,Male
158,Female
158,Male
158,Female
158,Female
158,Female
158,Female
158,Male
158,Male
158,Male
159,Male
159,Female
159,Male
159,Female
160,Male
160,Female
160,Female
160,Male
160,Female
160,Male
160,Male
160,Female
160,Male
160,Female
161,Male
161,Female
161,Female
161,Male
161,Female
161,Male
161,Male
161,Female
161,Female
161,Male
161,Female
161,Male
162,Female
163,Female
163,Male
163,Female
163,Male
163,Male
163,Female
164,Female
164,Male
164,Female
164,Male
164,Male
164,Female
164,Male
164,Male
164,Male
164,Female
164,Female
164,Female
164,Male
164,Female
165,Male
165,Female
165,Female
165,Male
165,Female
165,Female
165,Male
165,Male
165,Female
165,Male
165,Male
165,Female
166,Male
166,Female
166,Male
166,Female
166,Male
166,Female
166,Male
166,Male
166,Female
166,Male
166,Male
166,Female
166,Male
166,Female
166,Female
166,Female
166,Female
166,Male
166,Male
166,Female
166,Female
166,Male
167,Female
167,Male
167,Male
167,Female
167,Male
167,Female
167,Male
167,Female
167,Female
167,Male
167,Male
167,Female
167,Female
167,Male
168,Female
168,Male
168,Female
168,Male
168,Male
168,Female
168,Male
168,Male
168,Female
168,Female
169,Male
169,Female
169,Female
169,Male
169,Female
169,Female
169,Male
169,Male
169,Male
169,Female
169,Female
169,Male
170,Female
170,Male
170,Male
170,Female
170,Female
170,Male
170,Female
170,Male
170,Male
170,Female
171,Male
171,Female
171,Female
171,Male
171,Male
171,Male
171,Male
171,Male
171,Female
171,Female
171,Male
171,Female
171,Female
171,Female
171,Male
171,Female
172,Female
172,Male
172,Male
172,Female
172,Male
172,Female
172,Male
172,Female
173,Female
173,Male
173,Female
173,Male
173,Female
173,Female
173,Female
173,Male
173,Male
173,Male
173,Male
173,Female
174,Male
174,Female
174,Female
174,Male
174,Female
174,Female
174,Male
174,Male
174,Female
174,Female
174,Male
174,Male
174,Male
174,Female
175,Female
175,Female
176,Female
176,Male
176,Male
176,Female
176,Male
176,Male
176,Female
176,Female
176,Female
176,Male
177,Female
177,Male
177,Male
177,Female
177,Female
177,Male
177,Male
177,Female
178,Female
178,Male
178,Female
178,Male
178,Male
178,Female
178,Female
178,Male
179,Male
179,Female
179,Female
179,Male
179,Male
179,Male
179,Female
179,Male
179,Female
179,Female
179,Female
179,Male
179,Male
179,Female
180,Female
180,Male
180,Male
180,Female
180,Female
180,Male
180,Female
180,Male
180,Female
180,Female
180,Male
180,Male
181,Male
181,Female
181,Male
181,Female
182,Female
182,Male
182,Female
182,Male
182,Male
182,Male
182,Female
182,Female
182,Male
182,Female
183,Female
183,Male
183,Female
183,Male
183,Female
183,Female
183,Male
183,Female
183,Male
183,Male
183,Male
183,Female
184,Male
184,Female
184,Female
184,Male
184,Male
184,Female
184,Male
184,Female
184,Male
184,Female
185,Female
185,Male
185,Female
185,Male
185,Female
185,Male
185,Male
185,Male
185,Female
185,Female
186,Female
186,Female
186,Female
187,Male
187,Female
187,Female
187,Male
188,Male
188,Female
188,Male
188,Female
188,Male
188,Male
188,Female
188,Female
188,Female
188,Male
189,Female
189,Male
189,Male
189,Female
189,Male
189,Female
190,Male
190,Female
190,Male
190,Female
191,Female
191,Male
191,Male
191,Female
191,Male
191,Female
192,Male
192,Female
192,Male
192,Female
192,Female
192,Male
192,Female
192,Male
192,Male
192,Female
192,Female
192,Female
192,Male
192,Male
193,Male
193,Female
193,Female
193,Male
193,Male
193,Female
193,Male
193,Male
193,Female
193,Female
193,Female
193,Female
193,Male
193,Male
193,Female
193,Female
193,Female
193,Male
193,Male
193,Male
194,Female
194,Male
194,Female
194,Male
194,Female
194,Male
194,Female
194,Male
194,Female
194,Male
194,Male
194,Female
195,Female
195,Male
195,Female
195,Male
195,Female
195,Female
195,Male
195,Male
196,Male
196,Female
196,Female
196,Male
196,Female
196,Female
196,Male
196,Female
196,Male
196,Male
196,Male
196,Female
197,Male
197,Female
197,Female
197,Male
198,Female
199,Male
199,Female
199,Female
199,Male
199,Female
199,Male
199,Male
199,Male
199,Female
199,Male
199,Female
199,Female
200,Female
200,Female
200,Female
200,Female
200,Female
201,Male
201,Female
201,Male
201,Female
201,Male
201,Female
201,Male
201,Female
202,Male
202,Female
202,Female
202,Male
202,Female
202,Male
203,Male
203,Female
203,Female
203,Male
203,Female
203,Female
203,Male
203,Female
203,Female
203,Male
203,Male
203,Male
204,Male
204,Female
204,Male
204,Female
204,Male
204,Male
204,Female
204,Female
204,Female
204,Male
205,Male
205,Male
205,Male
206,Female
206,Male
206,Female
206,Male
206,Female
206,Male
206,Female
206,Male
207,Female
207,Male
207,Male
207,Female
207,Female
207,Male
207,Male
207,Male
207,Female
207,Female
207,Female
207,Male
207,Male
207,Female
207,Male
207,Female
207,Male
207,Female
207,Male
207,Female
207,Female
207,Male
207,Female
207,Male
207,Male
207,Female
208,Female
208,Male
208,Male
208,Female
208,Male
208,Female
208,Female
208,Male
208,Female
208,Male
209,Female
209,Male
209,Female
209,Male
209,Male
209,Male
209,Male
209,Female
209,Female
209,Female
210,Female
210,Female
211,Female
211,Female
211,Female
211,Female
211,Female
211,Female
211,Female
211,Female
211,Female
211,Female
212,Female
212,Male
212,Male
212,Female
212,Female
212,Male
212,Female
212,Male
213,Male
213,Female
213,Male
213,Female
213,Female
213,Male
213,Male
213,Male
213,Female
213,Female
213,Male
213,Female
214,Female
214,Male
214,Female
214,Male
214,Female
214,Male
214,Female
214,Male
214,Male
214,Female
214,Female
214,Male
214,Female
214,Male
214,Female
214,Male
215,Male
215,Female
215,Male
215,Female
215,Female
215,Male
215,Male
215,Female
216,Female
216,Female
216,Female
217,Female
217,Male
217,Male
217,Female
217,Female
217,Female
217,Female
217,Male
217,Male
217,Male
218,Female
218,Male
218,Male
218,Female
218,Male
218,Male
218,Female
218,Female
218,Male
218,Female
218,Male
218,Female
218,Female
218,Male
218,Female
218,Male
218,Female
218,Male
218,Male
218,Female
219,Female
219,Male
219,Male
219,Female
219,Female
219,Male
220,Male
220,Female
220,Male
220,Female
220,Female
220,Female
220,Male
220,Male
220,Male
220,Female
221,Male
221,Female
221,Female
221,Male
221,Male
221,Female
221,Male
221,Male
221,Female
221,Female
222,Male
222,Female
222,Female
222,Male
222,Male
222,Female
222,Female
222,Male
223,Male
224,Female
224,Male
224,Male
224,Female
224,Female
224,Male
224,Female
224,Female
224,Female
224,Male
224,Male
224,Female
224,Male
224,Male
225,Female
225,Male
225,Female
225,Male
225,Female
225,Female
225,Female
225,Male
225,Female
225,Male
225,Male
225,Female
225,Male
225,Female
225,Male
225,Male
225,Male
225,Female
226,Male
226,Female
226,Female
226,Male
226,Male
226,Female
226,Female
226,Male
226,Female
226,Male
226,Male
226,Female
226,Female
226,Male
226,Male
226,Female
227,Male
227,Female
227,Female
227,Male
227,Female
227,Male
227,Male
227,Male
227,Female
227,Female
228,Male
228,Female
228,Male
228,Female
228,Male
228,Female
228,Male
228,Female
228,Male
228,Female
228,Female
228,Male
228,Female
228,Male
228,Female
228,Male
229,Female
229,Male
229,Male
229,Female
229,Male
229,Female
229,Female
229,Male
229,Female
229,Male
229,Female
229,Male
230,Female
230,Male
230,Male
230,Female
230,Female
230,Male
230,Male
230,Female
230,Male
230,Female
230,Female
230,Male
230,Male
230,Female
231,Male
231,Female
231,Female
231,Male
231,Male
231,Female
232,Female
232,Male
232,Male
232,Female
232,Male
232,Female
232,Female
232,Male
232,Female
232,Male
233,Female
233,Male
233,Male
233,Female
234,Male
234,Female
234,Female
234,Male
234,Female
234,Male
235,Female
235,Male
235,Male
235,Female
235,Male
235,Female
236,Male
236,Female
236,Male
236,Female
236,Female
236,Male
236,Female
236,Female
236,Female
236,Male
236,Male
236,Male
237,Female
237,Male
237,Male
237,Female
237,Female
237,Female
237,Female
237,Male
237,Male
237,Male
237,Female
237,Female
237,Male
237,Male
237,Male
237,Female
238,Male
239,Male
239,Female
239,Female
239,Male
239,Male
239,Female
239,Female
239,Male
239,Female
239,Female
239,Male
239,Male
239,Female
239,Female
239,Female
239,Male
239,Male
239,Female
239,Male
239,Male
240,Male
241,Male
241,Female
241,Male
241,Female
241,Female
241,Male
241,Male
241,Female
241,Male
241,Female
241,Male
241,Female
241,Female
241,Female
241,Female
241,Male
241,Female
241,Female
241,Male
241,Male
241,Male
241,Male
242,Female
242,Male
242,Female
242,Male
242,Female
242,Male
242,Female
242,Male
242,Male
242,Male
242,Female
242,Female
242,Female
242,Male
242,Male
242,Female
243,Male
243,Female
243,Male
243,Female
243,Male
243,Female
243,Male
243,Female
244,Male
244,Female
244,Female
244,Male
244,Female
244,Male
244,Male
244,Female
244,Male
244,Male
244,Female
244,Female
244,Female
244,Male
244,Female
244,Male
245,Male
245,Female
245,Male
245,Female
245,Male
245,Female
246,Male
246,Female
246,Male
246,Female
246,Female
246,Male
246,Male
246,Female
246,Female
246,Male
246,Female
246,Female
246,Male
246,Female
246,Male
246,Female
246,Male
246,Male
246,Female
246,Male
247,Female
247,Male
247,Female
247,Male
247,Male
247,Female
247,Male
247,Female
248,Male
248,Female
248,Female
248,Male
248,Female
248,Female
248,Male
248,Male
248,Female
248,Male
248,Female
248,Female
248,Female
248,Male
248,Male
248,Female
248,Male
248,Male
248,Male
248,Female
248,Female
248,Male
249,Male
249,Female
249,Male
249,Female
249,Female
249,Male
250,Female
250,Male
250,Female
250,Male
250,Female
250,Male
250,Female
250,Male
250,Female
250,Male
251,Female
251,Male
251,Male
251,Female
251,Female
251,Male
251,Male
251,Female
252,Male
252,Female
252,Female
252,Male
252,Male
252,Female
253,Female
253,Female
254,Male
254,Female
254,Male
254,Female
254,Female
254,Female
254,Male
254,Male
254,Female
254,Male
254,Male
254,Female
254,Male
254,Female
255,Female
255,Male
255,Male
255,Female
255,Female
255,Male
255,Female
255,Male
256,Female
256,Male
256,Female
256,Male
256,Male
256,Male
256,Female
256,Female
256,Female
256,Male
256,Male
256,Female
257,Female
257,Male
257,Female
257,Male
257,Male
257,Male
257,Female
257,Male
257,Female
257,Female
258,Female
258,Male
258,Female
258,Male
258,Male
258,Female
258,Female
258,Male
258,Male
258,Female
258,Female
258,Male
259,Male
259,Female
259,Male
259,Female
260,Female
260,Male
260,Female
260,Male
260,Female
260,Male
260,Female
260,Male
261,Female
261,Male
261,Male
261,Female
261,Female
261,Female
261,Male
261,Male
261,Male
261,Female
261,Male
261,Female
262,Male
262,Female
262,Male
262,Female
262,Male
262,Male
262,Male
262,Female
262,Male
262,Female
262,Female
262,Female
262,Female
262,Male
262,Male
262,Female
262,Female
262,Male
262,Female
262,Male
263,Female
263,Male
263,Male
263,Female
263,Female
263,Female
263,Male
263,Male
263,Female
263,Male
264,Female
264,Male
264,Male
264,Female
264,Female
264,Female
264,Male
264,Female
264,Male
264,Male
264,Female
264,Male
265,Male
265,Male
265,Male
265,Male
265,Male
265,Male
266,Male
266,Female
266,Female
266,Male
266,Female
266,Male
266,Female
266,Female
266,Female
266,Female
266,Female
266,Male
266,Male
266,Male
266,Male
266,Male
267,Female
267,Male
267,Male
267,Female
267,Female
267,Male
268,Female
268,Male
268,Female
268,Male
268,Male
268,Female
268,Male
268,Male
268,Male
268,Female
268,Female
268,Male
268,Male
268,Female
268,Female
268,Female
269,Female
269,Male
269,Female
269,Male
269,Female
269,Male
269,Female
269,Male
269,Female
269,Male
269,Female
269,Male
270,Female
270,Female
270,Female
270,Female
270,Female
270,Female
271,Female
271,Male
271,Male
271,Female
271,Female
271,Male
271,Male
271,Male
271,Male
271,Male
271,Male
271,Female
271,Female
271,Female
271,Female
271,Female
272,Male
272,Female
272,Male
272,Female
273,Male
273,Female
273,Female
273,Male
273,Male
273,Female
273,Male
273,Female
273,Male
273,Female
273,Male
273,Female
274,Male
274,Female
274,Male
274,Female
274,Male
274,Male
274,Female
274,Female
274,Male
274,Female
274,Male
274,Male
274,Female
274,Female
275,Male
275,Female
275,Male
275,Female
275,Female
275,Male
275,Male
275,Male
275,Male
275,Female
275,Female
275,Female
276,Female
276,Male
276,Female
276,Male
276,Female
276,Female
276,Male
276,Male
276,Male
276,Female
276,Female
276,Male
277,Male
277,Female
277,Female
277,Male
277,Male
277,Female
278,Female
278,Male
278,Male
278,Female
278,Female
278,Male
278,Male
278,Male
278,Female
278,Male
278,Male
278,Female
278,Female
278,Female
278,Female
278,Male
279,Female
279,Male
279,Female
279,Male
279,Male
279,Male
279,Female
279,Female
279,Male
279,Female
279,Female
279,Male
279,Female
279,Male
279,Male
279,Female
279,Female
279,Female
279,Female
279,Female
279,Male
279,Female
279,Male
279,Male
279,Male
279,Male
280,Male
280,Female
280,Female
280,Male
280,Male
280,Female
281,Male
281,Female
281,Female
281,Male
281,Male
281,Female
281,Male
281,Male
281,Female
281,Female
281,Female
281,Male
281,Male
281,Male
281,Female
281,Female
282,Female
282,Male
282,Male
282,Female
282,Male
282,Female
282,Male
282,Female
282,Female
282,Male
283,Female
283,Male
283,Male
283,Female
283,Male
283,Female
283,Female
283,Male
283,Male
283,Female
284,Female
284,Male
284,Male
284,Female
284,Female
284,Male
284,Male
284,Female
284,Male
284,Female
284,Male
284,Female
284,Female
284,Female
284,Male
284,Female
284,Male
284,Female
284,Male
284,Male
285,Female
285,Male
285,Male
285,Female
285,Female
285,Male
285,Female
285,Male
285,Male
285,Female
285,Female
285,Male
286,Male
286,Female
286,Male
286,Female
286,Male
286,Male
286,Female
286,Female
286,Male
286,Female
286,Male
286,Female
286,Female
286,Female
286,Male
286,Female
286,Male
286,Male
286,Male
286,Female
286,Male
286,Female
286,Male
286,Female
287,Male
287,Female
287,Female
287,Male
287,Male
287,Male
287,Female
287,Male
287,Female
287,Female
287,Female
287,Male
287,Female
287,Male
287,Female
287,Male
287,Female
287,Male
288,Male
288,Female
288,Female
288,Male
288,Female
288,Male
289,Male
289,Female
289,Female
289,Male
289,Male
289,Female
289,Male
289,Female
289,Male
289,Male
289,Male
289,Female
289,Male
289,Female
289,Female
289,Female
290,Male
290,Female
290,Male
290,Female
290,Male
290,Female
291,Male
291,Female
291,Male
291,Female
292,Male
292,Female
292,Male
292,Female
292,Male
292,Male
292,Female
292,Female
292,Male
292,Female
293,Female
293,Male
293,Female
293,Male
293,Female
293,Female
293,Male
293,Male
293,Female
293,Female
293,Male
293,Male
294,Male
294,Female
294,Male
294,Female
294,Female
294,Male
294,Male
294,Male
294,Female
294,Male
294,Female
294,Male
294,Female
294,Male
294,Male
294,Female
294,Male
294,Female
294,Female
294,Female
295,Female
295,Male
295,Male
295,Female
295,Male
295,Female
296,Male
296,Female
296,Female
296,Male
296,Male
296,Female
296,Female
296,Female
296,Male
296,Male
297,Female
297,Male
297,Male
297,Female
297,Female
297,Male
297,Male
297,Female
297,Male
297,Male
297,Male
297,Female
297,Female
297,Female
297,Male
297,Female
297,Male
297,Female
298,Female
298,Male
298,Male
298,Female
298,Male
298,Female
298,Male
298,Female
298,Male
298,Female
298,Male
298,Female
299,Female
299,Male
299,Male
299,Female
299,Male
299,Female
299,Male
299,Female
300,Female
300,Male
300,Male
300,Female
300,Female
300,Female
300,Female
300,Male
300,Female
300,Male
300,Male
300,Male
300,Female
300,Male
300,Female
300,Male
301,Male
301,Female
301,Male
301,Female
301,Female
301,Female
301,Male
301,Male
301,Male
301,Female
301,Female
301,Male
302,Male
302,Female
302,Female
302,Male
302,Female
302,Male
302,Male
302,Female
302,Male
302,Female
303,Female
303,Male
303,Female
303,Male
303,Male
303,Female
303,Male
303,Female
304,Male
304,Female
304,Female
304,Male
304,Male
304,Female
304,Female
304,Male
305,Female
305,Male
305,Male
305,Female
305,Female
305,Female
305,Male
305,Female
305,Male
305,Male
305,Male
305,Female
306,Female
306,Male
306,Male
306,Female
306,Female
306,Male
306,Male
306,Female
306,Male
306,Female
307,Female
307,Male
307,Male
307,Female
307,Female
307,Male
307,Male
307,Male
307,Female
307,Male
307,Female
307,Female
308,Female
308,Male
308,Male
308,Female
308,Male
308,Female
308,Female
308,Male
308,Male
308,Female
308,Female
308,Male
308,Male
308,Female
308,Male
308,Female
309,Male
309,Female
309,Female
309,Male
310,Male
310,Female
310,Male
310,Female
310,Male
310,Male
310,Male
310,Female
310,Female
310,Female
310,Male
310,Male
310,Female
310,Female
310,Female
310,Male
311,Male
311,Female
311,Male
311,Female
311,Male
311,Male
311,Female
311,Female
311,Female
311,Male
311,Male
311,Male
311,Female
311,Female
311,Male
311,Female
311,Male
311,Female
311,Female
311,Male
312,Female
312,Male
312,Female
312,Male
312,Male
312,Female
312,Female
312,Male
313,Female
313,Male
313,Male
313,Female
313,Male
313,Male
313,Male
313,Male
313,Female
313,Female
313,Female
313,Female
313,Female
313,Male
314,Male
314,Female
314,Male
314,Female
314,Male
314,Female
314,Male
314,Female
314,Female
314,Male
314,Female
314,Male
314,Female
314,Male
315,Male
315,Female
315,Male
315,Female
315,Female
315,Male
315,Male
315,Male
315,Male
315,Female
315,Female
315,Female
315,Female
315,Male
315,Female
315,Male
315,Female
315,Female
315,Female
315,Male
315,Male
315,Male
315,Female
315,Male
315,Male
315,Female
316,Male
316,Female
316,Male
316,Female
316,Male
316,Female
317,Female
317,Male
317,Male
317,Female
317,Female
317,Male
317,Male
317,Female
318,Male
318,Female
318,Female
318,Male
318,Female
318,Male
318,Male
318,Male
318,Female
318,Female
318,Female
318,Male
318,Male
318,Female
318,Female
318,Male
318,Female
318,Male
319,Male
319,Female
319,Male
319,Female
319,Female
319,Male
319,Male
319,Female
319,Male
319,Female
319,Male
319,Male
319,Female
319,Female
319,Female
319,Male
319,Male
319,Female
320,Male
320,Female
320,Male
320,Female
320,Female
320,Male
320,Male
320,Female
321,Male
321,Female
321,Female
321,Male
321,Male
321,Male
321,Female
321,Female
321,Male
321,Female
322,Male
322,Female
322,Male
322,Female
322,Male
322,Male
322,Female
322,Female
323,Female
323,Male
323,Female
323,Male
323,Male
323,Female
323,Female
323,Female
323,Male
323,Male
324,Female
324,Male
324,Male
324,Female
324,Female
324,Male
324,Male
324,Male
324,Female
324,Female
324,Male
324,Female
324,Female
324,Male
324,Female
324,Male
325,Female
325,Male
325,Female
325,Male
325,Female
325,Male
325,Male
325,Male
325,Male
325,Female
325,Female
325,Female
325,Female
325,Male
325,Male
325,Female
326,Female
326,Male
326,Male
326,Female
326,Male
326,Female
326,Female
326,Female
326,Female
326,Male
326,Male
326,Female
326,Male
326,Male
327,Male
327,Female
327,Female
327,Male
327,Female
327,Male
327,Female
327,Female
327,Female
327,Male
327,Female
327,Male
327,Male
327,Male
328,Male
328,Female
328,Male
328,Female
328,Female
328,Male
328,Female
328,Male
328,Female
328,Female
328,Male
328,Male
328,Male
328,Female
328,Male
328,Female
329,Male
329,Female
329,Male
329,Female
329,Female
329,Male
330,Male
330,Female
330,Female
330,Male
330,Female
330,Male
330,Male
330,Female
330,Female
330,Male
330,Male
330,Female
330,Female
330,Female
330,Male
330,Male
331,Female
331,Male
331,Male
331,Female
331,Female
331,Male
331,Male
331,Male
331,Male
331,Female
331,Male
331,Female
331,Female
331,Female
331,Female
331,Male
331,Female
331,Male
332,Female
332,Male
332,Female
332,Male
332,Female
332,Male
332,Female
332,Male
333,Female
333,Male
333,Male
333,Female
333,Female
333,Male
334,Female
334,Female
334,Female
334,Female
334,Female
334,Female
334,Female
334,Female
335,Male
335,Female
335,Female
335,Male
335,Male
335,Male
335,Female
335,Female
336,Female
336,Female
336,Female
336,Female
336,Female
336,Female
336,Female
336,Female
337,Female
337,Male
337,Female
337,Male
337,Female
337,Male
337,Male
337,Female
338,Male
338,Female
338,Male
338,Female
338,Male
338,Female
338,Female
338,Male
338,Male
338,Male
338,Male
338,Female
338,Male
338,Female
338,Female
338,Female
338,Female
338,Female
338,Male
338,Male
338,Female
338,Male
338,Male
338,Female
339,Female
339,Female
339,Female
339,Female
340,Female
340,Female
340,Female
340,Female
340,Female
340,Female
341,Male
341,Female
341,Female
341,Male
341,Female
341,Male
341,Female
341,Female
341,Male
341,Male
341,Male
341,Female
342,Female
342,Male
342,Female
342,Male
342,Female
342,Male
342,Male
342,Female
343,Male
343,Female
343,Female
343,Male
343,Female
343,Male
344,Female
344,Male
344,Male
344,Female
344,Female
344,Female
344,Female
344,Male
344,Male
344,Female
344,Male
344,Male
344,Male
344,Female
344,Female
344,Male
345,Male
345,Female
345,Female
345,Male
345,Male
345,Male
345,Female
345,Male
345,Female
345,Female
345,Female
345,Male
345,Female
345,Female
345,Female
345,Male
345,Male
345,Male
345,Female
345,Male
345,Male
345,Female
346,Male
346,Female
346,Female
346,Male
346,Male
346,Female
347,Male
348,Male
348,Female
348,Male
348,Female
348,Male
348,Female
348,Male
348,Male
348,Male
348,Male
348,Male
348,Female
348,Male
348,Female
348,Female
348,Female
348,Female
348,Female
348,Male
348,Female
349,Female
349,Male
349,Male
349,Female
349,Male
349,Female
349,Female
349,Female
349,Male
349,Female
349,Female
349,Female
349,Male
349,Male
349,Male
349,Male
350,Male
350,Female
350,Female
350,Male
350,Female
350,Female
350,Female
350,Male
350,Male
350,Male
350,Male
350,Female
351,Male
351,Female
351,Male
351,Female
351,Female
351,Male
351,Female
351,Female
351,Male
351,Male
351,Female
351,Male
352,Female
352,Female
352,Female
352,Female
353,Male
354,Male
354,Female
354,Male
354,Female
354,Male
354,Female
354,Male
354,Female
354,Male
354,Female
354,Male
354,Female
354,Male
354,Female
355,Female
355,Male
355,Male
355,Female
355,Male
355,Female
355,Male
355,Female
355,Male
355,Female
355,Female
355,Male
356,Male
356,Female
356,Female
356,Male
356,Female
356,Male
356,Female
356,Male
357,Male
357,Female
357,Male
357,Female
358,Male
359,Female
359,Male
359,Female
359,Male
359,Male
359,Female
359,Male
359,Female
359,Male
359,Female
359,Female
359,Male
359,Male
359,Male
359,Female
359,Female
359,Male
359,Female
360,Female
360,Male
360,Male
360,Female
360,Male
360,Female
360,Female
360,Female
360,Male
360,Male
360,Female
360,Male
360,Male
360,Female
360,Male
360,Female
361,Female
361,Male
361,Female
361,Male
361,Male
361,Female
361,Male
361,Female
361,Male
361,Male
361,Female
361,Female
361,Female
361,Male
361,Female
361,Male
362,Female
362,Male
362,Male
362,Female
362,Male
362,Female
362,Male
362,Female
363,Female
363,Female
363,Male
363,Female
363,Female
363,Male
363,Female
363,Male
363,Male
363,Male
363,Male
363,Female
364,Female
364,Female
365,Male
365,Male
365,Male
365,Male
366,Male
366,Female
366,Female
366,Male
366,Male
366,Male
366,Female
366,Female
366,Female
366,Male
367,Female
367,Male
367,Female
367,Male
367,Male
367,Female
367,Female
367,Male
367,Female
367,Male
368,Female
368,Male
368,Female
368,Male
369,Male
369,Female
369,Female
369,Male
369,Female
369,Female
369,Male
369,Male
369,Male
369,Male
369,Female
369,Female
370,Female
370,Male
370,Male
370,Female
370,Male
370,Female
371,Male
371,Female
371,Female
371,Male
371,Female
371,Male
371,Female
371,Male
371,Female
371,Male
372,Male
372,Female
372,Female
372,Male
372,Female
372,Male
372,Male
372,Female
372,Female
372,Male
372,Female
372,Male
373,Female
373,Male
373,Female
373,Male
373,Male
373,Female
373,Male
373,Male
373,Female
373,Female
374,Female
374,Male
374,Female
374,Male
374,Male
374,Female
374,Female
374,Male
374,Female
374,Female
374,Male
374,Male
375,Male
375,Female
375,Male
375,Female
375,Male
375,Female
375,Male
375,Female
375,Female
375,Male
375,Female
375,Male
376,Male
376,Female
376,Male
376,Female
376,Female
376,Male
376,Male
376,Female
376,Male
376,Female
377,Female
377,Male
377,Male
377,Female
377,Male
377,Female
377,Male
377,Female
378,Female
378,Male
378,Female
378,Male
378,Male
378,Male
378,Female
378,Female
379,Male
379,Female
379,Male
379,Female
379,Male
379,Female
379,Male
379,Female
379,Male
379,Female
380,Female
380,Male
380,Female
380,Male
380,Female
380,Female
380,Male
380,Male
380,Female
380,Female
380,Female
380,Male
380,Male
380,Female
380,Male
380,Male
381,Male
381,Female
381,Male
381,Female
381,Female
381,Male
381,Male
381,Male
381,Male
381,Female
381,Female
381,Female
381,Female
381,Male
381,Male
381,Female
381,Male
381,Female
382,Male
382,Female
382,Female
382,Male
382,Male
382,Male
382,Male
382,Female
382,Male
382,Female
382,Female
382,Female
382,Male
382,Female
382,Female
382,Male
382,Female
382,Male
383,Male
383,Female
383,Male
383,Female
383,Female
383,Male
383,Female
383,Female
383,Male
383,Female
383,Male
383,Male
383,Male
383,Female
384,Female
384,Male
384,Female
384,Male
384,Male
384,Female
384,Male
384,Male
384,Male
384,Male
384,Female
384,Female
384,Female
384,Female
385,Female
385,Male
385,Male
385,Female
385,Male
385,Female
385,Male
385,Male
385,Female
385,Female
385,Male
385,Male
385,Female
385,Female
386,Male
386,Female
386,Male
386,Female
386,Male
386,Female
386,Female
386,Female
386,Male
386,Male
386,Male
386,Male
386,Female
386,Female
386,Female
386,Male
387,Male
387,Female
387,Male
387,Female
387,Male
387,Female
388,Female
388,Male
388,Female
388,Male
388,Male
388,Female
388,Male
388,Female
388,Female
388,Male
388,Male
388,Female
389,Female
389,Male
389,Female
389,Male
389,Female
389,Male
389,Female
389,Male
390,Female
390,Female
390,Female
390,Female
390,Female
390,Female
390,Female
391,Female
391,Male
391,Female
391,Male
391,Male
391,Male
391,Female
391,Female
392,Male
392,Female
392,Male
392,Female
392,Male
392,Female
392,Female
392,Male
392,Female
392,Male
392,Male
392,Female
393,Female
393,Male
393,Female
393,Male
393,Male
393,Female
394,Male
394,Female
394,Male
394,Female
394,Female
394,Female
394,Male
394,Male
395,Female
395,Male
395,Male
395,Female
395,Female
395,Male
395,Female
395,Male
395,Male
395,Female
396,Female
396,Male
396,Male
396,Female
396,Male
396,Female
396,Male
396,Male
396,Female
396,Female
397,Female
397,Female
397,Female
397,Female
397,Female
398,Female
398,Female
398,Female
398,Female
398,Female
398,Female
398,Female
399,Female
399,Male
399,Female
399,Male
399,Male
399,Female
399,Male
399,Female
399,Male
399,Male
399,Female
399,Female
400,Female
400,Male
400,Male
400,Female
400,Female
400,Female
400,Male
400,Male
401,Female
401,Male
401,Female
401,Male
401,Female
401,Male
401,Female
401,Male
401,Male
401,Female
401,Male
401,Female
401,Female
401,Male
401,Male
401,Female
401,Female
401,Male
402,Male
402,Female
402,Male
402,Female
402,Male
402,Male
402,Female
402,Male
402,Male
402,Female
402,Male
402,Female
402,Female
402,Female
402,Female
402,Male
403,Female
403,Female
403,Female
404,Female
404,Female
404,Female
404,Female
404,Female
404,Female
405,Female
405,Female
405,Female
405,Female
405,Female
405,Female
405,Female
406,Female
406,Male
406,Male
406,Female
406,Male
406,Female
407,Male
407,Female
407,Female
407,Male
407,Male
407,Female
408,Male
408,Female
408,Female
408,Male
408,Male
408,Female
408,Female
408,Female
408,Female
408,Male
408,Female
408,Male
408,Male
408,Male
408,Male
408,Female
409,Male
409,Female
409,Female
409,Male
409,Female
409,Male
410,Female
410,Male
410,Female
410,Male
410,Male
410,Female
410,Female
410,Male
411,Male
411,Female
411,Male
411,Female
411,Female
411,Male
412,Female
412,Male
412,Female
412,Male
412,Female
412,Male
412,Female
412,Male
412,Male
412,Female
413,Male
413,Female
413,Female
413,Male
413,Male
413,Male
413,Male
413,Male
413,Male
413,Female
413,Female
413,Female
413,Female
413,Male
413,Female
413,Male
413,Female
413,Female
414,Male
414,Female
414,Male
414,Female
414,Female
414,Male
415,Male
415,Female
415,Female
415,Male
415,Male
415,Female
415,Male
415,Male
415,Female
415,Female
416,Female
416,Male
416,Male
416,Female
417,Male
417,Female
417,Female
417,Male
417,Male
417,Female
417,Female
417,Female
417,Female
417,Male
417,Male
417,Male
417,Female
417,Male
418,Female
418,Male
418,Female
418,Male
418,Male
418,Male
418,Male
418,Female
418,Female
418,Female
419,Female
419,Male
419,Male
419,Female
419,Male
419,Female
419,Female
419,Female
419,Female
419,Male
419,Male
419,Male
420,Female
420,Male
420,Male
420,Female
420,Female
420,Male
421,Male
421,Female
421,Female
421,Male
421,Female
421,Male
421,Male
421,Female
421,Female
421,Male
422,Male
422,Female
422,Female
422,Male
422,Male
422,Female
422,Female
422,Male
422,Female
422,Male
422,Male
422,Female
422,Female
422,Male
422,Female
422,Female
422,Male
422,Male
423,Female
423,Male
423,Female
423,Male
423,Female
423,Male
423,Female
423,Male
423,Female
423,Male
423,Female
423,Male
424,Female
424,Male
424,Male
424,Female
424,Female
424,Female
424,Male
424,Male
424,Male
424,Male
424,Female
424,Female
424,Male
424,Female
425,Male
425,Female
425,Female
425,Male
425,Male
425,Female
425,Female
425,Male
425,Male
425,Female
426,Male
426,Female
426,Female
426,Male
426,Male
426,Male
426,Male
426,Female
426,Female
426,Female
427,Female
427,Male
427,Male
427,Female
427,Male
427,Male
427,Male
427,Female
427,Female
427,Female
427,Female
427,Male
427,Male
427,Male
427,Female
427,Female
428,Female
428,Male
428,Female
428,Male
428,Female
428,Female
428,Male
428,Male
428,Male
428,Female
428,Female
428,Male
428,Female
428,Male
429,Female
429,Male
429,Female
429,Male
430,Female
430,Male
430,Male
430,Female
430,Male
430,Female
430,Male
430,Male
430,Female
430,Male
430,Male
430,Female
430,Female
430,Female
430,Male
430,Female
431,Female
431,Male
431,Female
431,Male
431,Male
431,Female
431,Female
431,Female
431,Male
431,Male
431,Female
431,Male
432,Female
432,Male
432,Male
432,Female
432,Male
432,Female
433,Female
433,Female
434,Female
434,Female
434,Female
434,Female
435,Female
435,Male
435,Female
435,Male
435,Male
435,Male
435,Female
435,Female
435,Male
435,Female
435,Female
435,Male
435,Female
435,Female
435,Female
435,Male
435,Male
435,Female
435,Male
435,Male
436,Female
436,Male
436,Male
436,Female
436,Male
436,Female
436,Female
436,Female
436,Female
436,Male
436,Male
436,Male
437,Male
437,Female
437,Male
437,Female
437,Female
437,Male
437,Female
437,Male
437,Male
437,Female
437,Female
437,Male
437,Female
437,Female
437,Male
437,Male
438,Female
438,Male
438,Male
438,Female
438,Female
438,Male
438,Female
438,Male
438,Female
438,Male
439,Female
439,Male
439,Female
439,Male
439,Male
439,Female
439,Female
439,Male
439,Female
439,Female
439,Male
439,Male
440,Male
440,Female
440,Male
440,Female
440,Male
440,Female
440,Female
440,Male
441,Male
441,Female
441,Male
441,Female
441,Male
441,Female
441,Male
441,Female
442,Female
442,Male
442,Male
442,Female
442,Male
442,Female
442,Male
442,Female
442,Female
442,Male
443,Male
443,Female
443,Female
443,Male
443,Female
443,Male
443,Male
443,Male
443,Female
443,Female
443,Male
443,Female
443,Male
443,Female
444,Male
444,Female
444,Female
444,Male
444,Female
444,Male
445,Female
445,Male
445,Male
445,Female
445,Male
445,Female
445,Female
445,Female
445,Male
445,Male
445,Male
445,Female
445,Male
445,Female
446,Male
446,Female
446,Male
446,Female
446,Female
446,Female
446,Male
446,Male
447,Female
447,Male
447,Female
447,Male
447,Male
447,Female
447,Male
447,Female
448,Female
448,Female
448,Female
448,Female
449,Female
449,Female
449,Female
450,Male
450,Female
450,Female
450,Male
450,Female
450,Female
450,Male
450,Male
450,Male
450,Female
451,Male
451,Female
451,Male
451,Female
451,Male
451,Male
451,Female
451,Male
451,Female
451,Female
451,Male
451,Female
452,Male
452,Female
452,Female
452,Male
452,Male
452,Female
452,Female
452,Male
453,Female
453,Male
453,Male
453,Female
453,Male
453,Male
453,Female
453,Female
453,Male
453,Female
454,Female
454,Male
454,Female
454,Male
454,Male
454,Male
454,Female
454,Male
454,Female
454,Male
454,Female
454,Female
455,Male
456,Male
456,Female
456,Male
456,Female
456,Male
456,Female
456,Female
456,Female
456,Female
456,Female
456,Female
456,Male
456,Male
456,Male
456,Male
456,Male
456,Male
456,Female
457,Female
457,Male
457,Female
457,Male
457,Male
457,Female
457,Female
457,Male
458,Male
458,Female
458,Male
458,Female
458,Female
458,Female
458,Female
458,Male
458,Male
458,Male
459,Male
459,Female
459,Female
459,Male
459,Male
459,Female
460,Female
460,Male
460,Female
460,Male
460,Male
460,Female
460,Male
460,Female
460,Female
460,Male
461,Female
461,Female
461,Female
461,Female
461,Female
461,Female
462,Male
462,Female
462,Female
462,Male
462,Male
462,Male
462,Male
462,Female
462,Female
462,Female
463,Female
463,Male
463,Female
463,Male
463,Male
463,Female
463,Female
463,Female
463,Male
463,Male
464,Male
464,Male
464,Male
464,Male
464,Male
465,Female
465,Male
465,Female
465,Male
466,Female
466,Male
466,Female
466,Male
466,Male
466,Male
466,Female
466,Male
466,Female
466,Female
467,Male
467,Female
467,Male
467,Female
467,Male
467,Female
468,Female
468,Male
468,Male
468,Female
468,Female
468,Male
468,Female
468,Female
468,Male
468,Male
468,Female
468,Male
469,Male
469,Female
469,Male
469,Female
469,Male
469,Male
469,Male
469,Male
469,Male
469,Female
469,Female
469,Female
469,Male
469,Female
469,Female
469,Female
469,Male
469,Female
469,Male
469,Male
469,Female
469,Female
470,Female
470,Female
470,Female
470,Female
471,Female
471,Male
471,Male
471,Female
472,Female
472,Male
472,Male
472,Female
472,Female
472,Male
472,Female
472,Male
473,Male
473,Female
473,Male
473,Female
473,Male
473,Male
473,Female
473,Female
473,Male
473,Female
474,Male
474,Female
474,Female
474,Male
474,Female
474,Male
474,Female
474,Female
474,Male
474,Male
475,Female
475,Male
475,Male
475,Female
475,Female
475,Male
475,Female
475,Female
475,Female
475,Male
475,Female
475,Male
475,Male
475,Male
475,Male
475,Male
475,Female
475,Female
475,Male
475,Female
476,Female
476,Male
476,Male
476,Female
476,Female
476,Male
476,Male
476,Male
476,Female
476,Female
476,Male
476,Male
476,Female
476,Female
477,Female
477,Male
477,Female
477,Male
477,Female
477,Male
477,Female
477,Male
477,Male
477,Female
478,Female
478,Male
478,Male
478,Female
478,Male
478,Female
478,Female
478,Male
478,Male
478,Female
478,Female
478,Male
479,Female
479,Male
479,Male
479,Female
479,Male
479,Male
479,Female
479,Female
479,Male
479,Female
480,Female
480,Female
480,Female
481,Male
482,Male
482,Female
482,Male
482,Female
482,Male
482,Female
482,Male
482,Female
483,Female
483,Male
483,Male
483,Female
483,Female
483,Male
483,Female
483,Male
483,Male
483,Female
484,Female
484,Female
484,Female
484,Female
485,Female
485,Male
485,Female
485,Male
485,Male
485,Female
485,Female
485,Male
485,Female
485,Male
486,Male
486,Female
486,Female
486,Male
486,Male
486,Male
486,Female
486,Female
487,Male
488,Female
488,Female
488,Female
489,Male
489,Male
489,Male
490,Male
490,Female
490,Female
490,Male
490,Female
490,Female
490,Female
490,Female
490,Male
490,Male
490,Male
490,Male
491,Male
491,Female
491,Female
491,Male
491,Male
491,Female
491,Female
491,Male
492,Female
492,Female
492,Female
492,Female
493,Female
493,Male
493,Male
493,Female
493,Female
493,Male
493,Male
493,Female
493,Male
493,Female
493,Female
493,Male
494,Male
494,Female
494,Female
494,Male
494,Male
494,Female
494,Male
494,Female
495,Male
495,Female
495,Female
495,Male
495,Female
495,Male
495,Male
495,Male
495,Female
495,Female
496,Male
497,Female
497,Male
497,Female
497,Male
497,Female
497,Male
497,Female
497,Male
497,Female
497,Female
497,Male
497,Male
498,Female
498,Female
498,Female
498,Female
499,Male
500,Female
500,Male
500,Female
500,Male
500,Male
500,Male
500,Female
500,Male
500,Female
500,Male
500,Male
500,Female
500,Male
500,Female
500,Male
500,Female
500,Female
500,Female
501,Female
501,Male
501,Male
501,Female
501,Male
501,Female
501,Female
501,Male
502,Female
502,Male
502,Male
502,Female
502,Female
502,Female
502,Male
502,Male
503,Female
503,Female
503,Female
503,Female
503,Female
504,Male
504,Male
505,Female
505,Male
505,Male
505,Female
505,Male
505,Male
505,Female
505,Female
506,Female
506,Female
506,Female
506,Female
506,Female
506,Female
506,Female
507,Male
508,Male
508,Female
508,Female
508,Male
508,Female
508,Male
508,Female
508,Male
508,Female
508,Male
509,Female
509,Male
509,Male
509,Female
509,Female
509,Male
509,Female
509,Male
509,Male
509,Male
509,Female
509,Male
509,Female
509,Female
510,Female
510,Male
510,Female
510,Male
510,Male
510,Female
510,Female
510,Male
510,Male
510,Female
510,Female
510,Male
511,Female
511,Female
511,Female
511,Female
512,Male
513,Female
513,Male
513,Male
513,Female
513,Female
513,Male
513,Male
513,Female
514,Female
514,Female
514,Female
514,Female
515,Male
516,Female
516,Male
516,Female
516,Male
516,Male
516,Female
516,Female
516,Male
517,Female
517,Male
517,Male
517,Female
517,Male
517,Female
517,Female
517,Male
518,Male
519,Female
519,Female
519,Female
519,Female
519,Female
520,Male
520,Female
520,Male
520,Female
520,Female
520,Male
520,Female
520,Male
520,Male
520,Female
520,Male
520,Female
521,Female
521,Female
521,Female
521,Female
521,Female
521,Female
522,Male
523,Male
523,Female
523,Female
523,Male
523,Female
523,Male
523,Male
523,Female
524,Female
524,Male
524,Female
524,Male
524,Female
524,Male
524,Female
524,Male
525,Female
525,Male
525,Female
525,Male
525,Female
525,Male
525,Female
525,Male
525,Female
525,Male
526,Female
526,Male
526,Male
526,Female
526,Male
526,Female
527,Male
528,Female
528,Female
528,Female
528,Female
529,Male
530,Female
530,Male
530,Female
530,Male
530,Female
530,Male
530,Male
530,Female
530,Male
530,Male
530,Male
530,Female
530,Female
530,Male
530,Female
530,Female
531,Male
531,Female
531,Male
531,Female
531,Female
531,Male
531,Male
531,Female
532,Female
532,Female
532,Female
532,Female
532,Female
532,Female
532,Female
533,Male
534,Female
534,Male
534,Female
534,Male
534,Female
534,Female
534,Male
534,Male
534,Male
534,Female
535,Male
535,Female
535,Female
535,Male
535,Female
535,Female
535,Male
535,Male
536,Male
536,Female
536,Female
536,Male
536,Male
536,Female
536,Male
536,Female
536,Male
536,Female
537,Female
537,Male
537,Female
537,Male
537,Female
537,Male
537,Female
537,Female
537,Male
537,Male
538,Female
538,Male
538,Female
538,Male
538,Female
538,Male
539,Male
539,Male
539,Male
539,Male
539,Male
540,Female
540,Female
540,Female
541,Male
541,Female
541,Female
541,Male
541,Male
541,Female
541,Male
541,Female
541,Male
541,Male
541,Female
541,Female
541,Male
541,Female
542,Male
542,Female
542,Male
542,Female
542,Female
542,Female
542,Female
542,Male
542,Male
542,Male
542,Male
542,Female
543,Male
543,Male
543,Male
543,Male
543,Male
543,Male
543,Male
543,Male
544,Female
544,Female
544,Female
544,Female
544,Female
545,Female
545,Male
545,Male
545,Female
545,Female
545,Male
545,Male
545,Male
545,Female
545,Female
546,Male
546,Female
546,Male
546,Female
546,Female
546,Male
546,Female
546,Male
547,Female
547,Male
547,Male
547,Female
547,Male
547,Male
547,Female
547,Female
547,Male
547,Female
548,Male
549,Female
549,Female
550,Female
550,Male
550,Female
550,Male
550,Male
550,Female
550,Male
550,Female
550,Female
550,Male
551,Female
551,Male
551,Female
551,Male
551,Male
551,Female
551,Male
551,Female
551,Male
551,Female
551,Male
551,Female
552,Female
552,Female
552,Female
552,Female
552,Female
553,Male
554,Female
554,Male
554,Male
554,Female
554,Female
554,Female
554,Male
554,Male
555,Female
555,Male
555,Male
555,Female
555,Male
555,Female
555,Male
555,Female
556,Female
556,Female
556,Female
556,Female
556,Female
557,Male
557,Male
557,Male
557,Male
558,Female
558,Male
558,Male
558,Female
558,Male
558,Male
558,Female
558,Male
558,Female
558,Female
559,Female
559,Male
559,Female
559,Male
559,Female
559,Male
559,Female
559,Male
560,Female
560,Male
560,Female
560,Male
560,Male
560,Male
560,Female
560,Female
561,Female
561,Female
561,Female
561,Female
561,Female
562,Male
563,Male
563,Female
563,Male
563,Female
563,Male
563,Female
563,Male
563,Female
564,Female
564,Female
564,Female
565,Male
566,Female
566,Male
566,Female
566,Male
566,Male
566,Female
566,Female
566,Male
566,Male
566,Female
566,Female
566,Male
567,Male
567,Female
567,Female
567,Male
567,Female
567,Male
567,Female
567,Female
567,Male
567,Male
567,Female
567,Male
568,Male
569,Female
569,Female
569,Female
570,Female
570,Male
570,Female
570,Male
570,Female
570,Female
570,Female
570,Female
570,Male
570,Male
570,Male
570,Female
570,Male
570,Male
571,Male
572,Female
572,Female
572,Female
572,Female
572,Female
572,Female
573,Female
573,Male
573,Male
573,Female
573,Female
573,Male
573,Female
573,Male
574,Male
574,Female
574,Female
574,Male
574,Male
574,Male
574,Female
574,Female
574,Female
574,Male
574,Female
574,Male
575,Female
575,Male
575,Male
575,Female
575,Male
575,Male
575,Female
575,Female
575,Male
575,Female
575,Male
575,Female
576,Female
576,Male
576,Male
576,Female
577,Female
577,Female
577,Female
577,Female
577,Female
578,Male
579,Female
579,Male
579,Male
579,Female
579,Male
579,Male
579,Female
579,Female
579,Male
579,Male
579,Female
579,Male
579,Female
579,Female
580,Male
580,Female
580,Female
580,Male
580,Male
580,Female
581,Female
581,Female
581,Female
582,Male
583,Female
583,Male
583,Female
583,Male
583,Female
583,Male
583,Male
583,Female
583,Female
583,Male
583,Male
583,Female
584,Male
584,Female
584,Male
584,Female
584,Male
584,Male
584,Male
584,Female
584,Female
584,Female
585,Male
586,Female
586,Female
586,Female
586,Female
586,Female
586,Female
587,Female
587,Male
587,Female
587,Male
587,Female
587,Female
587,Male
587,Male
587,Male
587,Female
587,Female
587,Male
587,Male
587,Female
588,Female
588,Male
588,Male
588,Female
588,Female
588,Female
588,Female
588,Female
588,Male
588,Male
588,Male
588,Male
589,Male
589,Male
589,Male
589,Male
590,Female
591,Female
591,Male
591,Female
591,Male
591,Male
591,Female
591,Male
591,Female
591,Male
591,Female
591,Male
591,Female
591,Female
591,Male
592,Female
592,Male
592,Female
592,Male
592,Male
592,Female
592,Male
592,Female
592,Female
592,Male
593,Male
594,Female
594,Female
594,Female
595,Male
595,Female
595,Female
595,Male
595,Female
595,Male
596,Female
596,Male
596,Male
596,Female
596,Female
596,Male
596,Male
596,Female
596,Male
596,Female
597,Female
597,Male
597,Female
597,Male
597,Female
597,Male
597,Male
597,Female
597,Male
597,Female
597,Female
597,Male
598,Male
599,Female
599,Female
599,Female
599,Female
599,Female
599,Female
599,Female
600,Male
600,Female
600,Male
600,Female
600,Female
600,Female
600,Male
600,Male
600,Male
600,Female
600,Female
600,Male
601,Female
601,Female
601,Female
601,Female
602,Male
603,Male
603,Female
603,Female
603,Male
603,Female
603,Female
603,Male
603,Male
603,Female
603,Male
603,Male
603,Male
603,Female
603,Female
604,Male
604,Male
604,Male
605,Female
605,Female
605,Female
605,Female
605,Female
605,Female
606,Male
607,Female
607,Female
607,Female
607,Female
608,Female
608,Male
608,Female
608,Male
